ESCRUTINIO DE PRESIDENTE Y VICEPRESIDENTES,,,,,,,,,,,,,,,,,,,,,,,,,,,,,,,,,,,,,,,,,,,,,,,,,,,,,,,,,,,,,,,,,,,,,,,,,,,,,,,,,,,,,,,,,,,,,,,,,,,,,,,,,,,,,,,,,,,,,,,,,,,,,,,,,,,,,,,,,,,,,,,,,,,,,,,,,,,,,,,,,,,,,,,,,,,,,,,,,,,,,,,,,,,,,,,,,,,,,,,,,,,,,,,,,,,,,,,,,,,,,,,,,,,,,,,,,,,,,,,,,,,,,,,,,,,,,,,,,,,,,,,,,,,,,,,,,,,,,,,,,,,,,,,,,,,,,,,,,,,,,,,,,,,,,,,,,,,,,,,,,,,,,,,,,,,,,,,,,,,,,,,,,,,,,,,,,,,,,,,,,,,,,,,,,,,,,,,,,,,,,,,,,,,,,,,,,,,,,,,,,,,,,,,,,,,,,,,,,,,,,,,,,,,,,,,,,,,,,,,,,,,,,,,,,,,,,,,,,,,,,,,,,,,,,,,,,,,,,,,,,,,,,,,,,,,,,,,,,,,,,,,,,,,,,,,,,,,,,,,,,,,,,,,,,,,,,,,,,,,,,,,,,,,,,,,,,,,,,,,,,,,,,,,,,,,,,,,,,,,,,,,,,,,,,,,,,,,,,,,,,,,,,,,,,,,,,,,,,,,,,,,,,,,,,,,,,,,,,,,,,,,,,,,,,,,,,,,,,,,,,,,,,,,,,,,,,,,,,,,,,,,,,,,,,,,,,,,,,,,,,,,,,,,,,,,,,,,,,,,,,,,,,,,,,,,,,,,,,,,,,,,,,,,,,,,,,,,,,,,,,,,,,,,,,,,,,,,,,,,,,,,,,,,,,,,,,,,,,,,,,,,,,,,,,,,,,,,,,,,,,,,,,,,,,,,,,,,,,,,,,,,,,,,,,,,,,,,,,,,,,,,,,,,,,,,,,,,,,,,,,,,,
SESION: 2,,,,,,,,,,,,,,,,,,,,,,,,,,,,,,,,,,,,,,,,,,,,,,,,,,,,,,,,,,,,,,,,,,,,,,,,,,,,,,,,,,,,,,,,,,,,,,,,,,,,,,,,,,,,,,,,,,,,,,,,,,,,,,,,,,,,,,,,,,,,,,,,,,,,,,,,,,,,,,,,,,,,,,,,,,,,,,,,,,,,,,,,,,,,,,,,,,,,,,,,,,,,,,,,,,,,,,,,,,,,,,,,,,,,,,,,,,,,,,,,,,,,,,,,,,,,,,,,,,,,,,,,,,,,,,,,,,,,,,,,,,,,,,,,,,,,,,,,,,,,,,,,,,,,,,,,,,,,,,,,,,,,,,,,,,,,,,,,,,,,,,,,,,,,,,,,,,,,,,,,,,,,,,,,,,,,,,,,,,,,,,,,,,,,,,,,,,,,,,,,,,,,,,,,,,,,,,,,,,,,,,,,,,,,,,,,,,,,,,,,,,,,,,,,,,,,,,,,,,,,,,,,,,,,,,,,,,,,,,,,,,,,,,,,,,,,,,,,,,,,,,,,,,,,,,,,,,,,,,,,,,,,,,,,,,,,,,,,,,,,,,,,,,,,,,,,,,,,,,,,,,,,,,,,,,,,,,,,,,,,,,,,,,,,,,,,,,,,,,,,,,,,,,,,,,,,,,,,,,,,,,,,,,,,,,,,,,,,,,,,,,,,,,,,,,,,,,,,,,,,,,,,,,,,,,,,,,,,,,,,,,,,,,,,,,,,,,,,,,,,,,,,,,,,,,,,,,,,,,,,,,,,,,,,,,,,,,,,,,,,,,,,,,,,,,,,,,,,,,,,,,,,,,,,,,,,,,,,,,,,,,,,,,,,,,,,,,,,,,,,,,,,,,,,,,,,,,,,,,,,,,,,,,,,,,,,,,,,,,,,,,,,,,,,,,,,,,,,,,,,,,,,,,,,,,,,,,,,,,,,,,,,
Partidos/Juntas,283,297,513,517,548,549,550,551,552,553,554,555,556,557,558,559,560,581,582,583,584,585,586,587,588,589,590,591,592,593,594,595,596,597,598,601,602,603,604,605,606,607,608,609,610,611,612,613,614,615,616,617,618,619,620,625,626,627,628,629,630,631,632,633,634,635,636,637,638,639,640,643,644,645,646,647,648,649,650,651,652,653,654,655,656,657,658,659,660,661,662,663,664,665,666,667,668,669,670,671,672,673,674,675,676,677,678,679,680,681,682,683,684,685,686,687,688,689,690,691,692,693,694,695,696,697,698,699,700,701,702,703,704,705,706,707,708,709,710,711,712,713,714,715,716,717,718,719,720,721,722,723,724,725,726,727,728,729,730,731,732,733,734,735,736,737,738,739,740,741,742,743,744,745,746,747,748,749,750,751,752,753,754,755,756,757,758,759,760,761,762,763,764,765,766,767,768,769,770,771,772,773,774,775,776,777,778,779,780,781,782,783,784,785,786,787,788,789,790,791,792,793,794,795,796,797,798,799,800,801,802,803,804,805,806,807,808,809,810,811,812,813,814,815,816,817,818,819,820,821,822,823,824,825,826,827,828,829,830,831,832,833,834,835,836,837,838,839,840,841,842,843,844,845,846,847,848,849,850,851,852,853,854,855,856,857,858,859,860,861,862,863,864,865,866,867,868,869,870,871,872,873,874,875,876,877,878,879,880,881,882,883,884,885,886,887,888,889,890,891,892,893,894,895,896,897,898,899,900,901,902,903,904,905,906,907,908,909,910,911,912,913,914,915,916,917,918,919,920,921,922,923,924,925,926,927,928,929,930,931,932,933,934,935,936,937,938,939,940,941,942,943,944,945,946,947,948,949,950,951,952,953,954,955,956,957,958,959,960,961,962,963,964,965,966,967,968,969,970,971,972,973,974,975,976,977,978,979,980,981,982,983,984,985,986,987,988,989,990,991,992,993,994,995,996,997,998,999,1000,1001,1002,1003,1004,1005,1006,1007,1008,1009,1010,1011,1012,1013,1014,1015,1016,1017,1018,1019,1020,1021,1022,1023,1024,1025,1026,1027,1028,1029,1030,1031,1032,1033,1034,1035,1036,1037,1038,1039,1040,1041,1042,1043,1044,1045,1046,1047,1048,1049,1050,1051,1052,1053,1054,1055,1056,1057,1058,1059,1060,1061,1062,1063,1064,1065,1066,1067,1068,1069,1070,1071,1072,1073,1074,1075,1076,1077,1078,1079,1080,1081,1082,1083,1084,1085,1086,1087,1088,1089,1090,1091,1092,1093,1094,1095,1096,1097,1098,1099,1100,1101,1102,1103,1104,1105,1106,1107,1108,1109,1110,1111,1112,1113,1114,1115,1116,1117,1118,1119,1120,1121,1122,1123,1124,1125,1126,1127,1128,1129,1130,1131,1132,1133,1134,1135,1136,1137,1138,1139,1140,1141,1142,1143,1144,1145,1146,1147,1148,1149,1150,1151,1152,1153,1154,1155,1156,1157,1158,1159,1160,1161,1162,1163,1164,1165,1166,1167,1168,1169,1170,1171,1172,1173,1174,1175,1176,1177,1178,1179,1180,1181,1182,1183,1184,1185,1186,1187,1188,1189,1190,1191,1192,1193,1194,1195,1196,1197,1198,1199,1200,1201,1202,1203,1204,1205,1206,1207,1208,1209,1210,1211,1212,1213,1214,1215,1216,1217,1218,1219,1220,1221,1222,1223,1224,1225,1226,1227,1228,1229,1230,1231,1232,1233,1234,1235,1236,1237,1238,1239,1240,1241,1242,1243,1244,1245,1246,1247,1248,1249,1250,1251,1252,1253,1254,1255,1256,1257,1258,1259,1260,1261,1262,1263,1264,1265,1266,1267,1268,1269,1270,1271,1272,1273,1274,1275,1276,1277,1278,1279,1280,1281,1282,1283,1284,1285,1286,1287,1288,1289,1290,1291,1292,1293,1294,1295,1296,1297,1298,1299,1300,1301,1302,1303,1304,1305,1306,1307,1308,1309,1310,1311,1312,1313,1314,1315,1316,1317,1318,1319,1320,1321,1322,1323,1324,1325,1326,1327,1328,1329,1330,1331,1332,1333,1334,1335,1336,1337,1338,1339,1340,1341,1342,1343,1344,1345,1346,1347,1348,1349,1350,1351,1352,1353,1354,1355,1356,1357,1358,1359,1360,1361,1362,1363,1364,1365,1366,1367,1368,1369,1370,1371,1372,1373,1374,1375,1376,1377,1378,1379,1380,1381,1382,1383,1384,1385,1386,1387,1388,1389,1390,1391,1392,1393,1394,1395,1396,1397,1398,1399,1400,1401,1402,1403,1404,1405,1406,1407,1408,1409,1410,1411,1412,1413,1414,1415,1416,1417,1418,1419,1420,1421,1422,1423,1424,1425,1426,1427,1428,1429,1430,1431,1432,1433,1434,1435,1436,1437,1438,1439,1440,1441,1442,1443,1444,1445,1446,1447,1448,1449,1450,1451,1452,1453,1454,1456
ACCION CIUDADANA,242,265,232,249,230,217,222,230,224,224,189,225,220,211,211,205,192,202,177,215,83,166,173,184,183,164,182,164,179,152,172,152,229,225,222,272,238,223,249,234,230,218,230,219,186,204,245,211,223,253,214,205,258,289,259,248,262,256,263,264,221,246,286,273,188,238,189,84,8,8,319,292,329,307,293,293,304,296,286,299,276,260,264,241,348,368,352,230,277,107,250,262,258,240,219,226,166,197,178,195,199,177,246,290,259,212,320,314,271,280,245,217,141,30,188,178,72,136,250,281,294,263,105,282,226,215,237,239,218,165,169,154,194,199,220,246,249,254,249,275,230,273,233,286,238,255,259,255,268,186,217,193,248,223,231,257,261,229,259,254,236,202,221,307,279,286,311,276,302,265,275,227,220,214,255,262,292,305,281,291,314,228,232,231,233,294,114,131,110,101,102,147,114,135,125,114,107,98,125,112,99,126,103,133,90,77,95,106,321,340,346,335,349,366,356,319,320,336,371,350,295,330,243,192,254,187,29,11,186,223,313,202,203,178,59,96,41,80,141,39,229,262,254,244,263,252,219,211,224,306,195,189,245,227,101,281,246,124,164,170,171,202,355,329,328,285,254,311,113,94,130,104,61,110,156,30,44,49,53,7,318,372,339,326,367,252,266,296,254,265,278,320,261,321,25,36,266,281,231,236,8,66,54,109,9,201,172,177,283,237,231,268,269,258,283,293,258,285,260,322,295,250,250,260,288,232,301,311,276,251,249,231,258,272,265,237,268,258,284,237,223,230,250,204,224,196,204,187,187,14,220,222,190,87,164,96,347,323,307,314,289,288,260,22,121,172,325,312,264,260,283,308,113,241,267,37,21,93,271,70,223,241,235,222,207,217,256,219,199,172,174,324,293,308,301,285,289,285,331,298,260,314,284,242,307,97,189,313,313,305,315,330,123,190,235,225,172,182,186,198,215,193,198,294,102,123,146,109,64,38,114,79,180,15,219,230,159,143,318,282,313,279,276,272,301,283,293,262,272,286,277,300,295,304,259,295,268,299,291,291,281,269,258,304,313,306,276,287,248,239,239,221,251,44,283,232,266,235,307,327,289,311,308,291,302,300,282,311,297,305,307,292,279,298,302,293,277,256,8,302,289,250,273,276,302,307,298,282,272,255,270,284,300,316,263,276,295,293,275,277,249,240,282,260,268,240,223,233,189,224,271,233,238,266,229,260,245,232,257,195,197,263,191,204,232,235,196,233,205,198,234,176,205,232,226,236,226,196,213,203,182,153,149,208,185,225,210,206,212,208,204,222,223,200,230,208,214,205,232,217,222,210,236,209,120,126,160,112,110,131,98,109,101,138,335,330,324,304,312,290,283,302,311,305,294,303,302,325,268,298,202,228,219,225,92,303,273,304,255,258,302,247,272,304,220,263,255,223,238,318,271,234,172,169,212,290,295,256,283,286,272,235,230,255,141,122,304,280,293,271,321,303,240,254,257,267,240,226,222,239,218,242,272,226,243,208,231,243,229,216,243,228,227,245,227,237,269,240,240,223,244,262,254,234,215,243,185,202,198,209,210,143,190,174,193,196,177,196,187,189,178,184,158,129,170,179,190,208,174,141,160,135,154,155,211,221,212,201,207,207,185,193,146,150,148,158,181,153,162,152,145,170,156,140,173,153,141,133,146,155,151,125,114,100,115,89,318,282,318,285,253,304,308,286,302,306,288,319,301,285,295,302,227,257,247,250,264,293,319,310,295,260,289,288,278,313,286,350,276,285,269,168,196,257,270,254,256,259,248,278,238,270,255,283,246,243,200,211,207,228,296,280,292,274,324,284,302,313,270,268,273,318,312,300,283,271,303,255,295,277,308,289,281,304,265,287,298,308,225,229,261,239,246,230,192,211,136,94,335,375,340,337,327,304,302,301,259,306,213,264,257,291,23,252,63,24,217,196,171,315,286,232,231,243,102,115,172,233,184,83,53,129,118,133,125,59,19,25,48,100,91,311,305,315
RESTAURACION NACIONAL,166,136,183,159,162,178,188,167,169,153,219,190,177,190,151,107,90,163,151,127,34,133,132,212,216,234,215,226,224,173,162,170,158,171,163,153,159,137,158,162,173,184,144,150,192,161,159,196,168,170,127,112,152,140,171,166,144,171,169,159,161,176,168,170,133,130,123,32,4,17,123,151,127,140,153,146,136,153,140,128,109,100,125,117,91,99,95,61,66,43,160,157,158,114,138,120,196,186,171,178,171,159,56,60,77,85,65,67,63,80,87,103,53,43,55,65,25,45,196,169,164,188,59,149,178,187,196,184,169,170,185,181,153,152,185,136,182,181,172,121,185,161,176,149,198,155,152,153,155,132,125,137,115,142,210,184,173,193,171,185,150,167,142,138,180,140,157,178,136,163,168,142,143,144,128,134,163,156,164,167,135,137,124,134,138,137,228,219,206,232,244,216,220,192,215,224,202,225,217,245,235,200,232,188,202,214,187,203,102,115,87,98,85,85,93,119,103,114,75,97,75,81,66,59,65,57,6,9,48,67,57,100,110,83,3,7,8,21,36,10,22,59,69,90,78,79,90,79,96,114,137,59,48,53,20,50,64,74,89,57,33,53,89,116,107,109,90,118,48,12,75,50,24,56,89,18,18,34,50,8,101,66,67,93,65,78,67,67,51,69,77,70,89,75,11,32,89,90,74,65,7,18,40,54,33,95,107,131,132,159,159,136,151,133,119,127,137,139,160,110,104,132,175,165,110,150,109,109,150,164,136,158,129,136,158,140,131,154,151,159,162,174,173,199,139,130,118,140,158,2,66,54,71,35,40,54,97,76,120,69,91,104,130,19,39,141,115,83,88,118,97,69,75,101,67,17,31,41,124,23,151,150,154,142,111,130,139,171,189,139,149,128,130,121,113,146,133,159,119,129,141,120,142,96,117,52,64,113,128,115,134,117,51,135,110,112,103,83,83,105,118,109,96,83,101,138,57,38,26,26,61,24,70,10,64,89,142,138,117,141,127,133,150,151,130,154,130,153,164,138,149,136,126,132,156,130,157,139,134,150,151,133,147,147,123,145,149,144,104,125,129,111,119,30,145,115,89,109,120,107,151,128,130,133,137,135,142,120,128,136,104,127,159,154,133,137,137,91,0,160,139,175,138,164,153,158,149,155,166,181,169,154,133,137,149,155,142,144,141,142,126,189,147,148,165,162,134,117,164,125,154,195,191,177,187,196,200,218,190,175,164,148,204,224,193,203,216,189,186,213,166,203,188,178,189,203,179,197,212,213,174,98,119,193,187,172,201,182,184,216,209,173,158,177,175,176,168,207,151,180,190,176,184,151,219,246,211,234,226,232,203,194,199,193,113,138,139,129,133,139,149,150,143,138,137,113,142,124,110,123,111,118,117,88,62,149,138,131,177,168,119,171,142,132,126,108,120,111,114,111,153,141,111,118,150,155,140,155,143,151,158,133,105,122,89,84,122,143,139,134,120,147,111,101,131,129,105,122,191,178,160,186,141,191,157,191,151,165,175,181,171,183,166,152,152,161,165,164,151,175,179,150,177,178,181,169,140,129,133,131,122,111,193,210,205,204,189,175,205,167,206,224,183,207,158,157,184,178,214,173,152,172,176,157,200,174,165,190,172,184,210,186,161,218,225,198,196,199,201,220,232,190,209,227,196,162,183,184,178,189,192,195,151,183,177,177,152,164,155,166,172,155,153,154,160,139,171,152,157,158,142,141,155,124,129,134,129,177,143,164,160,190,167,163,163,142,152,115,181,128,172,130,98,187,179,200,180,175,149,173,201,177,166,155,170,170,149,139,153,137,169,175,170,181,147,167,167,154,181,181,183,151,160,147,177,182,176,186,152,173,158,164,165,133,189,154,152,142,180,177,128,151,141,158,153,122,81,79,100,85,107,81,92,88,81,65,55,89,86,79,81,78,2,69,17,7,68,61,43,116,109,106,109,108,53,93,78,40,65,19,19,52,63,68,44,65,12,13,16,18,33,130,122,132
TOTAL VOTOS VALIDOS,408,401,415,408,392,395,410,397,393,377,408,415,397,401,362,312,282,365,328,342,117,299,305,396,399,398,397,390,403,325,334,322,387,396,385,425,397,360,407,396,403,402,374,369,378,365,404,407,391,423,341,317,410,429,430,414,406,427,432,423,382,422,454,443,321,368,312,116,12,25,442,443,456,447,446,439,440,449,426,427,385,360,389,358,439,467,447,291,343,150,410,419,416,354,357,346,362,383,349,373,370,336,302,350,336,297,385,381,334,360,332,320,194,73,243,243,97,181,446,450,458,451,164,431,404,402,433,423,387,335,354,335,347,351,405,382,431,435,421,396,415,434,409,435,436,410,411,408,423,318,342,330,363,365,441,441,434,422,430,439,386,369,363,445,459,426,468,454,438,428,443,369,363,358,383,396,455,461,445,458,449,365,356,365,371,431,342,350,316,333,346,363,334,327,340,338,309,323,342,357,334,326,335,321,292,291,282,309,423,455,433,433,434,451,449,438,423,450,446,447,370,411,309,251,319,244,35,20,234,290,370,302,313,261,62,103,49,101,177,49,251,321,323,334,341,331,309,290,320,420,332,248,293,280,121,331,310,198,253,227,204,255,444,445,435,394,344,429,161,106,205,154,85,166,245,48,62,83,103,15,419,438,406,419,432,330,333,363,305,334,355,390,350,396,36,68,355,371,305,301,15,84,94,163,42,296,279,308,415,396,390,404,420,391,402,420,395,424,420,432,399,382,425,425,398,382,410,420,426,415,385,389,387,408,423,377,399,412,435,396,385,404,423,403,363,326,322,327,345,16,286,276,261,122,204,150,444,399,427,383,380,392,390,41,160,313,440,395,352,378,380,377,188,342,334,54,52,134,395,93,374,391,389,364,318,347,395,390,388,311,323,452,423,429,414,431,422,444,450,427,401,434,426,338,424,149,253,426,441,420,449,447,174,325,345,337,275,265,269,303,333,302,294,377,203,261,203,147,90,64,175,103,250,25,283,319,301,281,435,423,440,412,426,423,431,437,423,415,436,424,426,436,421,436,415,425,425,438,425,441,432,402,405,451,436,451,425,431,352,364,368,332,370,74,428,347,355,344,427,434,440,439,438,424,439,435,424,431,425,441,411,419,438,452,435,430,414,347,8,462,428,425,411,440,455,465,447,437,438,436,439,438,433,453,412,431,437,437,416,419,375,429,429,408,433,402,357,350,353,349,425,428,429,443,416,456,445,450,447,370,361,411,395,428,425,438,412,422,391,411,400,379,393,410,415,439,405,393,425,416,356,251,268,401,372,397,411,388,396,424,413,395,381,377,405,384,382,412,383,397,412,386,420,360,339,372,371,346,336,363,301,303,300,331,448,468,463,433,445,429,432,452,454,443,431,416,444,449,378,421,313,346,336,313,154,452,411,435,432,426,421,418,414,436,346,371,375,334,352,429,424,375,283,287,362,445,435,411,426,437,430,368,335,377,230,206,426,423,432,405,441,450,351,355,388,396,345,348,413,417,378,428,413,417,400,399,382,408,404,397,414,411,393,397,379,398,434,404,391,398,423,412,431,412,396,412,325,331,331,340,332,254,383,384,398,400,366,371,392,356,384,408,341,336,328,336,374,386,388,314,312,307,330,312,411,395,377,391,379,391,395,379,307,368,373,356,377,352,363,372,377,360,365,367,369,315,324,317,324,344,343,320,265,283,292,266,470,446,473,451,425,459,461,440,462,445,459,471,458,443,437,443,382,381,376,384,393,470,462,474,455,450,456,451,441,455,438,465,457,413,441,298,294,444,449,454,436,434,397,451,439,447,421,438,416,413,349,350,360,365,465,455,462,455,471,451,469,467,451,449,456,469,472,447,460,453,479,441,447,450,466,453,446,437,454,441,450,450,405,406,389,390,387,388,345,333,217,173,435,460,447,418,419,392,383,366,314,395,299,343,338,369,25,321,80,31,285,257,214,431,395,338,340,351,155,208,250,273,249,102,72,181,181,201,169,124,31,38,64,118,124,441,427,447
VOTOS NULOS,5,4,1,3,5,10,3,2,3,5,2,2,6,1,0,1,2,1,4,2,1,1,2,4,3,3,1,3,4,1,0,2,0,3,3,1,3,4,3,3,3,3,7,6,4,2,3,3,0,4,2,2,5,1,1,4,4,4,2,2,3,2,0,4,2,4,3,0,0,0,3,4,2,8,6,0,3,5,4,5,2,5,4,1,3,1,0,2,1,1,6,4,2,1,3,5,4,6,1,2,5,6,3,3,2,0,1,5,4,2,1,1,1,1,3,2,0,0,2,7,4,4,1,4,2,3,3,5,3,2,2,3,3,2,3,4,4,1,0,1,3,5,4,1,2,6,3,3,1,4,1,3,2,2,3,1,5,4,6,2,2,6,5,4,2,3,8,1,6,6,3,3,3,3,0,3,2,2,5,3,6,5,5,3,7,4,2,3,6,3,1,4,3,2,1,5,3,2,1,3,2,4,2,2,2,2,2,1,5,4,3,2,0,3,4,3,3,4,3,1,1,2,2,1,2,0,0,3,1,3,3,2,1,2,0,0,0,5,0,0,1,6,1,1,1,5,4,2,1,0,3,2,0,4,1,2,0,0,4,3,3,1,1,10,3,3,1,2,2,2,2,1,1,0,1,6,1,1,1,2,2,1,4,1,2,4,2,1,3,0,6,4,1,1,1,2,2,3,3,4,0,1,5,0,0,4,2,0,6,5,1,2,7,3,6,4,7,1,3,7,4,6,0,1,6,3,3,1,3,3,5,1,3,7,6,4,0,2,2,1,3,1,4,1,4,7,5,2,1,1,2,1,2,0,2,2,4,3,3,1,2,3,5,0,2,4,1,4,3,6,4,4,0,0,1,0,2,1,1,0,3,3,4,2,6,7,3,1,9,0,4,3,2,3,5,6,5,2,5,9,3,1,1,2,2,10,3,4,3,6,2,3,3,4,4,2,2,3,3,0,3,2,3,2,3,3,2,2,0,1,0,1,3,0,4,3,7,3,7,0,5,3,2,1,5,4,5,1,2,2,5,6,9,2,5,2,7,4,1,4,8,7,4,4,2,1,2,2,1,4,2,0,2,1,5,4,3,1,4,4,5,1,3,3,3,7,3,4,6,4,4,4,2,3,3,3,4,2,0,8,1,2,8,6,1,3,3,7,0,3,5,3,5,4,4,4,2,2,2,5,2,3,1,3,4,2,3,7,3,3,5,4,3,4,5,6,1,3,3,2,2,4,2,1,1,2,3,4,3,7,3,2,0,4,0,0,2,2,4,4,4,5,5,9,2,3,4,2,3,3,2,3,5,2,4,2,4,5,2,0,1,1,1,1,1,1,2,1,2,4,1,1,4,3,1,4,6,5,4,3,6,7,4,2,3,2,7,5,1,2,2,1,2,2,2,3,3,5,4,5,4,5,5,7,2,1,3,4,5,11,4,3,1,2,1,2,2,4,9,6,5,3,4,0,1,0,1,3,9,5,3,6,7,3,1,2,1,3,1,2,2,2,3,2,4,8,1,6,6,4,1,4,4,2,4,4,0,4,5,3,1,5,3,5,1,5,4,4,3,0,1,2,4,5,2,2,5,3,3,5,3,2,4,2,2,2,2,2,6,4,3,4,4,5,2,4,5,4,3,2,2,1,2,1,1,4,4,0,3,4,7,3,1,5,4,1,1,3,3,4,4,4,0,1,3,3,2,6,2,6,5,2,1,6,5,4,4,3,1,4,6,6,3,3,8,2,1,2,6,2,6,3,2,1,10,2,5,4,4,3,1,4,2,1,4,2,3,5,2,4,3,4,3,4,5,5,5,2,5,1,2,1,3,4,4,3,5,2,6,5,7,6,3,4,5,2,7,2,5,9,4,4,0,2,4,1,3,3,2,3,1,4,2,2,1,4,1,1,3,1,5,8,3,3,2,6,0,1,1,4,2,3,0,2,1,0,2,3,2,4,5,2,3,5,1,2,2,5,1,0,0,2,2,2,2,2,0,1,0,0,1,3,0,2
VOTOS BLANCOS,0,2,0,0,1,0,0,0,0,0,1,1,1,0,1,0,0,1,0,1,0,1,0,1,0,0,0,0,0,1,1,0,1,2,0,0,0,2,0,1,0,0,0,0,1,0,0,0,1,0,1,0,0,0,0,0,0,0,1,0,1,0,0,0,0,4,0,0,0,0,0,3,1,1,1,1,1,2,1,0,2,0,3,1,1,2,2,0,0,0,0,3,0,0,0,0,1,2,1,1,0,0,0,0,2,3,1,0,1,0,0,0,0,1,0,1,0,1,0,3,0,0,1,0,0,0,0,0,1,0,0,1,1,0,2,0,2,0,0,3,3,0,0,1,0,0,2,1,0,0,0,0,0,1,2,0,2,2,0,0,0,1,1,1,0,1,0,1,1,1,0,1,3,0,0,0,1,3,1,1,1,1,0,0,1,0,0,1,0,0,0,2,0,0,1,0,1,0,1,0,1,0,2,2,0,1,1,0,1,5,1,1,0,0,0,1,1,0,1,1,0,0,0,0,0,0,0,0,1,0,2,1,0,0,0,1,0,0,1,0,0,0,0,1,2,2,1,0,0,1,0,3,0,1,1,0,0,2,3,1,1,0,0,2,0,0,0,3,0,1,1,1,0,1,0,1,0,0,1,0,0,0,0,2,1,1,2,1,0,0,1,1,0,0,0,2,3,0,4,1,0,0,0,0,0,1,1,2,0,5,0,1,0,1,0,1,2,0,1,2,0,0,0,2,0,0,2,1,1,0,1,0,0,0,0,0,0,0,1,0,0,0,0,0,1,1,1,1,0,0,0,0,1,1,1,0,0,1,1,0,0,0,2,0,0,0,1,0,1,0,1,3,0,1,0,0,0,3,1,0,1,2,0,1,0,0,1,0,0,0,0,0,1,1,0,0,1,1,2,0,1,1,2,2,0,0,2,1,1,2,1,0,0,0,0,0,1,1,0,1,0,0,0,1,1,0,1,1,0,0,0,1,1,0,2,0,4,1,1,0,1,2,1,1,1,0,1,1,0,1,1,0,0,0,0,1,1,1,2,2,3,1,0,0,1,0,1,0,1,0,0,0,3,3,0,0,0,1,4,4,1,0,3,0,2,1,0,2,0,2,2,2,1,0,1,0,0,0,0,2,1,2,1,0,1,1,0,3,0,1,1,1,0,3,1,1,1,2,1,1,0,3,0,2,1,1,0,0,1,1,0,0,1,0,1,0,0,0,0,1,0,1,1,0,1,1,0,0,2,0,1,0,1,1,0,0,1,1,1,1,0,3,0,1,3,1,0,1,1,3,0,0,1,1,2,0,0,0,0,0,0,0,0,0,1,0,1,1,0,0,0,0,0,1,1,0,0,0,1,0,2,1,0,4,0,0,1,0,0,1,0,1,1,0,2,2,1,0,2,0,1,2,1,1,1,1,0,0,0,0,0,0,1,0,1,0,1,2,2,0,0,0,2,0,0,3,0,0,1,1,1,1,0,1,0,0,0,1,0,1,0,1,0,0,0,0,0,0,0,1,2,1,0,0,1,0,0,0,1,0,0,2,0,0,1,1,0,0,0,0,1,0,0,2,0,1,2,0,0,1,0,0,1,0,0,1,1,2,2,0,0,1,1,0,0,1,0,1,2,0,1,1,1,2,1,1,2,0,1,0,1,0,1,0,0,0,0,0,1,0,0,0,0,0,1,0,0,1,2,0,2,0,1,0,0,0,0,0,2,1,1,0,0,2,3,1,1,1,1,0,0,0,1,1,1,0,2,1,1,1,2,2,0,0,1,2,1,1,0,1,0,0,1,1,1,0,0,0,0,1,1,0,2,1,2,1,0,1,1,1,2,0,0,0,0,0,1,1,0,0,1,0,0,0,2,1,0,2,0,0,1,0,1,0,1,0,0,1,2,0,0,1,0,1,1,0,0,3,1,2,0,0,0,1,0,1,2,0,0,1,2,0,1,0,2,1,0,1,1,0,0,0,0,1,0,1,0,0,0,0,0,1,0,0
TOTAL VOTOS RECIBIDOS,413,407,416,411,398,405,413,399,396,382,411,418,404,402,363,313,284,367,332,345,118,301,307,401,402,401,398,393,407,327,335,324,388,401,388,426,400,366,410,400,406,405,381,375,383,367,407,410,392,427,344,319,415,430,431,418,410,431,435,425,386,424,454,447,323,376,315,116,12,25,445,450,459,456,453,440,444,456,431,432,389,365,396,360,443,470,449,293,344,151,416,426,418,355,360,351,367,391,351,376,375,342,305,353,340,300,387,386,339,362,333,321,195,75,246,246,97,182,448,460,462,455,166,435,406,405,436,428,391,337,356,339,351,353,410,386,437,436,421,400,421,439,413,437,438,416,416,412,424,322,343,333,365,368,446,442,441,428,436,441,388,376,369,450,461,430,476,456,445,435,446,373,369,361,383,399,458,466,451,462,456,371,361,368,379,435,344,354,322,336,347,369,337,329,342,343,313,325,344,360,337,330,339,325,294,294,285,310,429,464,437,436,434,454,453,442,427,454,450,449,371,413,311,252,321,244,35,23,236,293,375,305,314,263,62,104,49,106,178,49,252,327,324,336,344,338,314,292,321,421,335,253,293,285,123,333,310,200,260,231,208,256,445,457,438,397,345,434,163,109,208,156,86,167,246,55,63,84,105,17,421,439,410,422,435,335,337,365,308,334,362,395,351,397,37,72,360,374,312,306,15,85,99,163,42,301,282,310,421,406,391,407,427,395,408,425,404,425,424,441,403,388,425,428,404,385,415,422,430,418,391,390,390,415,429,381,399,414,438,397,388,405,427,404,368,334,328,330,346,17,288,277,264,123,207,152,448,403,431,384,382,395,397,41,162,317,442,399,356,384,385,384,188,343,335,54,54,138,397,93,378,396,393,367,324,354,399,391,397,311,327,455,426,433,419,437,428,447,457,436,405,436,429,342,426,159,258,431,445,428,452,450,177,329,349,339,278,269,272,304,336,304,297,380,207,264,206,150,90,65,175,105,254,25,289,322,312,285,443,423,446,417,429,425,437,441,429,417,438,427,432,442,430,438,420,428,433,443,428,447,443,410,409,455,439,452,428,433,354,368,370,332,375,78,433,351,358,346,435,442,446,440,444,427,444,443,427,437,431,447,417,425,441,455,439,433,418,349,8,472,430,429,420,446,457,469,450,447,438,440,445,442,438,460,417,436,440,441,419,425,377,435,430,413,438,405,360,357,357,353,430,432,433,447,422,462,446,453,450,373,363,416,398,429,427,441,415,426,396,418,404,381,394,415,415,439,408,396,430,421,360,259,273,411,377,401,415,391,400,430,415,398,387,380,411,386,386,417,385,397,413,387,421,361,341,373,374,348,338,367,302,304,304,335,450,472,469,438,450,432,440,460,458,449,434,418,452,454,379,424,315,348,339,315,158,457,415,440,438,431,426,425,420,444,349,373,378,338,357,440,428,378,285,289,364,447,438,417,437,443,435,371,341,377,231,209,427,426,442,411,445,457,358,359,389,398,346,352,414,420,380,431,416,419,404,407,383,414,410,402,417,416,397,399,384,402,434,408,397,401,424,419,434,417,398,418,329,335,334,340,334,256,387,391,400,403,373,374,395,362,387,410,346,338,330,339,377,390,396,318,315,312,335,317,413,400,382,396,384,393,398,381,310,371,375,361,383,352,367,376,385,363,367,372,373,316,325,320,328,348,347,324,265,284,296,269,472,453,477,457,432,461,463,446,467,449,463,474,461,448,444,449,385,386,387,387,395,473,469,476,461,453,459,453,452,457,445,470,462,417,444,304,296,445,454,458,440,440,399,456,442,451,425,443,422,418,354,352,365,367,468,456,467,460,477,455,474,470,458,455,465,475,475,451,465,455,487,444,452,459,471,457,446,439,460,443,453,455,407,409,391,394,390,390,347,337,218,175,440,461,452,427,422,396,386,372,314,399,301,349,340,372,25,324,81,32,289,260,216,436,402,340,344,356,158,211,252,279,251,102,72,183,183,204,171,127,31,39,64,118,125,445,427,449
PAPELETAS SOBRANTES,187,193,184,189,202,195,187,201,204,218,189,182,196,198,172,156,166,133,168,155,54,149,154,199,198,199,202,207,193,173,165,154,212,199,212,174,200,234,190,200,194,195,219,225,217,233,193,190,208,173,156,178,185,170,169,182,190,169,165,175,214,176,146,153,177,124,124,256,27,20,155,150,141,144,147,160,156,144,169,168,111,135,104,132,172,145,165,161,110,52,184,174,182,145,140,150,233,209,249,224,225,215,123,75,110,105,113,145,135,138,167,155,159,86,105,104,24,38,152,140,138,145,63,165,194,195,164,172,209,163,144,161,149,147,155,214,163,164,179,200,179,161,187,163,162,184,184,188,176,178,157,167,135,165,154,158,159,172,164,159,162,174,126,150,139,170,124,144,155,165,154,127,131,139,117,108,142,134,149,138,144,129,139,132,121,147,256,246,278,264,253,231,263,271,258,257,286,275,256,240,263,270,261,275,206,206,215,226,171,136,163,164,166,146,147,158,173,146,150,151,129,118,189,148,79,61,39,15,64,90,172,145,136,133,46,62,30,77,111,54,98,123,126,124,106,112,105,108,115,179,184,113,107,142,34,167,155,141,140,125,92,119,146,143,162,203,155,155,57,93,141,110,49,133,125,53,41,69,111,30,179,161,190,178,165,165,163,135,125,116,188,154,249,210,10,55,240,226,188,196,14,45,106,105,7,155,174,220,179,194,209,193,173,205,192,175,196,175,176,159,197,212,175,172,196,215,185,178,170,182,209,210,210,185,171,219,201,186,189,203,212,195,173,196,183,166,172,170,154,25,162,173,139,61,91,65,152,197,169,116,118,168,203,26,147,183,158,101,144,116,115,132,103,169,246,30,45,60,186,53,222,204,207,233,176,146,176,209,203,189,180,145,174,167,181,163,172,153,143,164,195,164,171,158,147,117,62,169,155,173,148,168,75,171,151,161,139,131,128,153,164,196,103,166,93,101,118,78,41,29,83,100,63,14,111,163,188,170,157,177,154,183,171,175,163,159,171,183,162,173,168,158,170,162,180,172,167,157,172,153,157,190,191,145,161,148,172,167,146,132,130,168,153,53,167,149,142,103,165,158,154,160,156,173,156,157,173,163,169,153,183,175,159,145,161,167,148,151,9,128,170,171,180,154,143,131,150,153,162,160,155,158,162,140,183,164,160,159,181,175,163,165,170,187,162,195,140,143,143,147,155,168,167,153,178,138,154,147,150,127,137,162,202,171,173,159,185,174,204,182,196,219,206,185,185,161,192,204,170,179,149,154,127,189,223,199,209,209,200,170,185,202,213,220,189,214,214,183,215,203,187,213,179,199,259,227,226,252,262,233,198,196,196,223,150,128,131,162,150,168,160,140,142,151,166,126,148,146,140,176,185,152,161,152,159,143,185,160,162,169,174,175,180,156,151,127,122,162,143,140,172,145,115,111,123,153,162,183,163,157,165,129,159,133,122,91,173,174,158,189,155,143,142,141,153,134,154,148,186,180,220,169,184,181,196,187,217,186,190,198,183,184,203,201,163,198,166,192,203,199,176,181,166,183,202,182,171,170,166,160,172,136,213,209,200,197,227,226,205,238,213,190,154,162,170,167,223,210,204,182,185,188,165,187,187,200,218,204,216,207,202,219,197,229,225,239,217,248,233,224,215,237,233,228,227,184,175,180,203,252,253,276,235,216,254,256,128,147,123,143,168,139,137,154,133,151,137,126,139,152,156,151,115,114,113,113,114,127,131,124,139,147,153,156,155,150,162,137,145,190,163,146,175,155,146,142,160,160,201,144,158,149,175,157,178,182,146,148,135,131,132,144,133,140,123,145,126,130,142,145,135,125,125,149,135,145,113,156,148,141,129,143,154,161,140,157,147,142,193,191,209,206,210,210,203,173,182,166,160,139,148,173,178,154,157,128,166,101,110,151,160,143,19,249,82,72,104,140,135,156,198,160,156,144,68,137,142,157,161,62,81,158,167,138,132,112,76,36,43,73,76,155,173,151
TOTAL GENERAL,600,600,600,600,600,600,600,600,600,600,600,600,600,600,535,469,450,500,500,500,172,450,461,600,600,600,600,600,600,500,500,478,600,600,600,600,600,600,600,600,600,600,600,600,600,600,600,600,600,600,500,497,600,600,600,600,600,600,600,600,600,600,600,600,500,500,439,372,39,45,600,600,600,600,600,600,600,600,600,600,500,500,500,492,615,615,614,454,454,203,600,600,600,500,500,501,600,600,600,600,600,557,428,428,450,405,500,531,474,500,500,476,354,161,351,350,121,220,600,600,600,600,229,600,600,600,600,600,600,500,500,500,500,500,565,600,600,600,600,600,600,600,600,600,600,600,600,600,600,500,500,500,500,533,600,600,600,600,600,600,550,550,495,600,600,600,600,600,600,600,600,500,500,500,500,507,600,600,600,600,600,500,500,500,500,582,600,600,600,600,600,600,600,600,600,600,599,600,600,600,600,600,600,600,500,500,500,536,600,600,600,600,600,600,600,600,600,600,600,600,500,531,500,400,400,305,74,38,300,383,547,450,450,396,108,166,79,183,289,103,350,450,450,460,450,450,419,400,436,600,519,366,400,427,157,500,465,341,400,356,300,375,591,600,600,600,500,589,220,202,349,266,135,300,371,108,104,153,216,47,600,600,600,600,600,500,500,500,433,450,550,549,600,607,47,127,600,600,500,502,29,130,205,268,49,456,456,530,600,600,600,600,600,600,600,600,600,600,600,600,600,600,600,600,600,600,600,600,600,600,600,600,600,600,600,600,600,600,627,600,600,600,600,600,551,500,500,500,500,42,450,450,403,184,298,217,600,600,600,500,500,563,600,67,309,500,600,500,500,500,500,516,291,512,581,84,99,198,583,146,600,600,600,600,500,500,575,600,600,500,507,600,600,600,600,600,600,600,600,600,600,600,600,500,573,276,320,600,600,601,600,618,252,500,500,500,417,400,400,457,500,500,400,546,300,365,324,228,131,94,258,205,317,39,400,485,500,455,600,600,600,600,600,600,600,600,600,600,600,600,600,600,600,600,600,600,600,600,600,600,600,600,600,600,600,600,600,600,500,500,500,500,528,131,600,500,500,449,600,600,600,600,600,600,600,600,600,600,600,600,600,600,600,600,600,600,566,500,17,600,600,600,600,600,600,600,600,600,600,600,600,600,600,600,600,600,600,600,600,600,540,600,600,600,600,600,500,500,500,500,585,600,600,600,600,600,600,600,600,500,500,578,600,600,600,600,600,600,600,600,600,600,600,600,600,600,600,600,600,600,509,413,400,600,600,600,624,600,600,600,600,600,600,600,600,600,600,600,600,600,600,600,600,560,600,600,600,600,600,600,500,500,500,558,600,600,600,600,600,600,600,600,600,600,600,544,600,600,519,600,500,500,500,467,317,600,600,600,600,600,600,600,600,600,500,500,500,500,500,580,600,523,400,400,487,600,600,600,600,600,600,500,500,510,353,300,600,600,600,600,600,600,500,500,542,532,500,500,600,600,600,600,600,600,600,594,600,600,600,600,600,600,600,600,547,600,600,600,600,600,600,600,600,600,600,600,500,505,500,500,506,392,600,600,600,600,600,600,600,600,600,600,500,500,500,506,600,600,600,500,500,500,500,504,600,600,600,600,600,600,600,600,507,600,600,600,600,600,600,600,600,600,600,600,600,500,500,500,531,600,600,600,500,500,550,525,600,600,600,600,600,600,600,600,600,600,600,600,600,600,600,600,500,500,500,500,509,600,600,600,600,600,612,609,607,607,607,607,607,607,607,450,471,600,600,600,600,600,600,600,600,600,600,600,600,600,500,500,500,498,600,600,600,600,600,600,600,600,600,600,600,600,600,600,600,600,600,600,600,600,600,600,600,600,600,600,600,597,600,600,600,600,600,600,550,510,400,341,600,600,600,600,600,550,543,500,480,500,411,500,500,515,44,573,163,104,393,400,351,592,600,500,500,500,226,348,394,436,412,164,153,341,350,342,303,239,107,75,107,191,201,600,600,600
